Email,Tên
nguyenminh123@gmail.com,Nguyễn Minh
tranthihuyen89@gmail.com,Trần Thị Huyền
phamquang45@gmail.com,Phạm Quang
lethao01@gmail.com,Lê Thảo
hoangtuan77@gmail.com,Hoàng Tuấn
vuthilinh22@gmail.com,Vũ Thị Linh
dangkhoa99@gmail.com,Đặng Khoa
ngothianh15@gmail.com,Ngô Thị Anh
buiduc88@gmail.com,Bùi Đức
trinhthuy34@gmail.com,Trịnh Thủy
doanminhchau12@gmail.com,Đoàn Minh Châu
nguyenhuong56@gmail.com,Nguyễn Hương
tranvandat78@gmail.com,Trần Văn Đạt
phamthithu90@gmail.com,Phạm Thị Thu
lequocbao11@gmail.com,Lê Quốc Bảo
hoangthilan23@gmail.com,Hoàng Thị Lan
vuminhtri44@gmail.com,Vũ Minh Trí
dangthanhha66@gmail.com,Đặng Thanh Hà
ngovanlong33@gmail.com,Ngô Văn Long
trantien88@gmail.com,Trần Tiến
buithikim12@gmail.com,Bùi Thị Kim
nguyenanhduc45@gmail.com,Nguyễn Anh Đức
phamngocthach67@gmail.com,Phạm Ngọc Thạch
lethihoa98@gmail.com,Lê Thị Hoa
hoangminhvuong21@gmail.com,Hoàng Minh Vương
vuthanhbinh34@gmail.com,Vũ Thanh Bình
dangthithuy56@gmail.com,Đặng Thị Thủy
ngovanhung78@gmail.com,Ngô Văn Hùng
trinhquangminh90@gmail.com,Trịnh Quang Minh
buiduykhanh11@gmail.com,Bùi Duy Khánh
nguyenbaolong23@gmail.com,Nguyễn Bảo Long
tranthiphuong44@gmail.com,Trần Thị Phương
phamvantruong66@gmail.com,Phạm Văn Trường
lequynhnhu88@gmail.com,Lê Quỳnh Như
hoangthithanh12@gmail.com,Hoàng Thị Thanh
vungocdiep34@gmail.com,Vũ Ngọc Diệp
dangminhhieu56@gmail.com,Đặng Minh Hiếu
ngothithao78@gmail.com,Ngô Thị Thảo
trinhvantai90@gmail.com,Trịnh Văn Tài
buithihong11@gmail.com,Bùi Thị Hồng
nguyenquangvinh23@gmail.com,Nguyễn Quang Vinh
tranvanloc44@gmail.com,Trần Văn Lộc
phamthiminh66@gmail.com,Phạm Thị Minh
lethanhson88@gmail.com,Lê Thanh Sơn
hoangngocanh12@gmail.com,Hoàng Ngọc Anh
vuthithuyduong34@gmail.com,Vũ Thị Thúy Dương
dangvanphuc56@gmail.com,Đặng Văn Phúc
ngothitrang78@gmail.com,Ngô Thị Trang
trinhthikim90@gmail.com,Trịnh Thị Kim
buivanhao11@gmail.com,Bùi Văn Hào
nguyenminhtam23@gmail.com,Nguyễn Minh Tâm
tranthithao44@gmail.com,Trần Thị Thảo
phamquocviet66@gmail.com,Phạm Quốc Việt
lethingoc88@gmail.com,Lê Thị Ngọc
hoangvantien12@gmail.com,Hoàng Văn Tiến
vuthanhhuong34@gmail.com,Vũ Thanh Hương
dangthiduyen56@gmail.com,Đặng Thị Duyên
ngovanthang78@gmail.com,Ngô Văn Thắng
trinhthiminh90@gmail.com,Trịnh Thị Minh
buiquanghuy11@gmail.com,Bùi Quang Huy
nguyenhoangnam23@gmail.com,Nguyễn Hoàng Nam
tranthivan44@gmail.com,Trần Thị Vân
phamminhduc66@gmail.com,Phạm Minh Đức
lethithu88@gmail.com,Lê Thị Thu
hoangquangtrung12@gmail.com,Hoàng Quang Trung
vuthithuytrang34@gmail.com,Vũ Thị Thúy Trang
dangvanlam56@gmail.com,Đặng Văn Lâm
ngothidiep78@gmail.com,Ngô Thị Diệp
trinhvanphong90@gmail.com,Trịnh Văn Phong
buithithanh11@gmail.com,Bùi Thị Thanh
nguyenngoctuan23@gmail.com,Nguyễn Ngọc Tuấn
tranvanthanh44@gmail.com,Trần Văn Thanh
phamthithuy66@gmail.com,Phạm Thị Thủy
leminhchau88@gmail.com,Lê Minh Châu
hoangthihuyen12@gmail.com,Hoàng Thị Huyền
vuvankhoi34@gmail.com,Vũ Văn Khôi
dangthithu56@gmail.com,Đặng Thị Thu
ngovantruong78@gmail.com,Ngô Văn Trường
trinhquynhnhu90@gmail.com,Trịnh Quỳnh Như
buivanminh11@gmail.com,Bùi Văn Minh
nguyenanhkhoa23@gmail.com,Nguyễn Anh Khoa
tranthiphuc44@gmail.com,Trần Thị Phúc
phamvanlong66@gmail.com,Phạm Văn Long
lethingocanh88@gmail.com,Lê Thị Ngọc Anh
hoangminhtri12@gmail.com,Hoàng Minh Trí
vuthanhha34@gmail.com,Vũ Thanh Hà
dangvanthang56@gmail.com,Đặng Văn Thắng
ngothithuy78@gmail.com,Ngô Thị Thủy
trinhvantuan90@gmail.com,Trịnh Văn Tuấn
buithikimanh11@gmail.com,Bùi Thị Kim Anh
nguyenquangbao23@gmail.com,Nguyễn Quang Bảo
tranthiduyen44@gmail.com,Trần Thị Duyên
phamminhson66@gmail.com,Phạm Minh Sơn
lethithanh88@gmail.com,Lê Thị Thanh
hoangvandat12@gmail.com,Hoàng Văn Đạt
vuthithao34@gmail.com,Vũ Thị Thảo
dangquocviet56@gmail.com,Đặng Quốc Việt
ngovanhieu78@gmail.com,Ngô Văn Hiếu
trinhthihong90@gmail.com,Trịnh Thị Hồng
buivanphuc11@gmail.com,Bùi Văn Phúc
nguyenminhvuong23@gmail.com,Nguyễn Minh Vương
tranthitrang44@gmail.com,Trần Thị Trang
phamthanhbinh66@gmail.com,Phạm Thanh Bình
lequangminh88@gmail.com,Lê Quang Minh
hoangthithu12@gmail.com,Hoàng Thị Thu
vuvankhanh34@gmail.com,Vũ Văn Khánh
dangthidiep56@gmail.com,Đặng Thị Diệp
ngothikim90@gmail.com,Ngô Thị Kim
trinhvanhao78@gmail.com,Trịnh Văn Hào
buithithuy11@gmail.com,Bùi Thị Thủy
nguyenhoanglong23@gmail.com,Nguyễn Hoàng Long
tranvantruong44@gmail.com,Trần Văn Trường
phamthiminh66@gmail.com,Phạm Thị Minh
lequynhanh88@gmail.com,Lê Quỳnh Anh
hoangngocdiep12@gmail.com,Hoàng Ngọc Diệp
vuthanhson34@gmail.com,Vũ Thanh Sơn
dangminhtam56@gmail.com,Đặng Minh Tâm
ngothithanh78@gmail.com,Ngô Thị Thanh
trinhquanghuy90@gmail.com,Trịnh Quang Huy
buivanloc11@gmail.com,Bùi Văn Lộc
nguyenbaotran23@gmail.com,Nguyễn Bảo Trân
tranthithuyduong44@gmail.com,Trần Thị Thúy Dương
phamvanthang66@gmail.com,Phạm Văn Thắng
lethingocthach88@gmail.com,Lê Thị Ngọc Thạch
hoangminhchau12@gmail.com,Hoàng Minh Châu
vuthikimanh34@gmail.com,Vũ Thị Kim Anh
dangvanphong56@gmail.com,Đặng Văn Phong
ngothitruc78@gmail.com,Ngô Thị Trúc
trinhthithao90@gmail.com,Trịnh Thị Thảo
buivantruong11@gmail.com,Bùi Văn Trường
nguyenquangtri23@gmail.com,Nguyễn Quang Trí
tranthidiep44@gmail.com,Trần Thị Diệp
phamminhvinh66@gmail.com,Phạm Minh Vinh
lethithuytrang88@gmail.com,Lê Thị Thúy Trang
hoangvanthanh12@gmail.com,Hoàng Văn Thanh
vuthanhhuong34@gmail.com,Vũ Thanh Hương
dangthikim56@gmail.com,Đặng Thị Kim
ngovanbao78@gmail.com,Ngô Văn Bảo
trinhthihuyen90@gmail.com,Trịnh Thị Huyền
buiquocviet11@gmail.com,Bùi Quốc Việt
nguyenanhthu23@gmail.com,Nguyễn Anh Thư
tranvanminh44@gmail.com,Trần Văn Minh
phamthithanh66@gmail.com,Phạm Thị Thanh
leminhson88@gmail.com,Lê Minh Sơn
hoangthiphuc12@gmail.com,Hoàng Thị Phúc
vuvankhoi34@gmail.com,Vũ Văn Khôi
dangthithuy56@gmail.com,Đặng Thị Thủy
ngothivan90@gmail.com,Ngô Thị Vân
trinhvanlong78@gmail.com,Trịnh Văn Long
buithiduyen11@gmail.com,Bùi Thị Duyên
nguyenquangnam23@gmail.com,Nguyễn Quang Nam
tranthithu44@gmail.com,Trần Thị Thu
phamminhtuan66@gmail.com,Phạm Minh Tuấn
lethithao88@gmail.com,Lê Thị Thảo
hoangvanphuc12@gmail.com,Hoàng Văn Phúc
vuthanhbinh34@gmail.com,Vũ Thanh Bình
dangvantruong56@gmail.com,Đặng Văn Trường
ngothikimanh78@gmail.com,Ngô Thị Kim Anh
trinhthitrang90@gmail.com,Trịnh Thị Trang
buivanthang11@gmail.com,Bùi Văn Thắng
nguyenhoangvuong23@gmail.com,Nguyễn Hoàng Vương
tranthidiep44@gmail.com,Trần Thị Diệp
phamquanghuy66@gmail.com,Phạm Quang Huy
lethingoc88@gmail.com,Lê Thị Ngọc
hoangminhtam12@gmail.com,Hoàng Minh Tâm
vuthithuyduong34@gmail.com,Vũ Thị Thúy Dương
dangthanhha56@gmail.com,Đặng Thanh Hà
ngovanloc78@gmail.com,Ngô Văn Lộc
trinhthithuy90@gmail.com,Trịnh Thị Thủy
buivanminh11@gmail.com,Bùi Văn Minh
nguyenbaolong23@gmail.com,Nguyễn Bảo Long
tranthikim44@gmail.com,Trần Thị Kim
phamvanbao66@gmail.com,Phạm Văn Bảo
lethithanh88@gmail.com,Lê Thị Thanh
hoangquangtri12@gmail.com,Hoàng Quang Trí
vuthanhson34@gmail.com,Vũ Thanh Sơn
dangminhchau56@gmail.com,Đặng Minh Châu
ngothithu78@gmail.com,Ngô Thị Thu
trinhvanphong90@gmail.com,Trịnh Văn Phong
buithidiep11@gmail.com,Bùi Thị Diệp
nguyenanhkhoa23@gmail.com,Nguyễn Anh Khoa
tranvanthanh44@gmail.com,Trần Văn Thanh
phamthithuy66@gmail.com,Phạm Thị Thủy
lequynhnhu88@gmail.com,Lê Quỳnh Như
hoangthivan12@gmail.com,Hoàng Thị Vân
vuvankhanh34@gmail.com,Vũ Văn Khánh
dangthithao56@gmail.com,Đặng Thị Thảo
ngovantruong78@gmail.com,Ngô Văn Trường
trinhthikimanh90@gmail.com,Trịnh Thị Kim Anh
buivanhao11@gmail.com,Bùi Văn Hào
nguyenquangvinh23@gmail.com,Nguyễn Quang Vinh
tranthiphuc44@gmail.com,Trần Thị Phúc
phamminhson66@gmail.com,Phạm Minh Sơn
lethithuytrang88@gmail.com,Lê Thị Thúy Trang
hoangvandat12@gmail.com,Hoàng Văn Đạt
vuthanhhuong34@gmail.com,Vũ Thanh Hương
dangvanlam56@gmail.com,Đặng Văn Lâm
ngothiduyen78@gmail.com,Ngô Thị Duyên
trinhvanlong90@gmail.com,Trịnh Văn Long
buithithanh11@gmail.com,Bùi Thị Thanh
nguyenminhtri23@gmail.com,Nguyễn Minh Trí
tranthithu44@gmail.com,Trần Thị Thu
phamquocviet66@gmail.com,Phạm Quốc Việt
lethingocanh88@gmail.com,Lê Thị Ngọc Anh
hoangvanthang12@gmail.com,Hoàng Văn Thắng
vuthithao34@gmail.com,Vũ Thị Thảo
dangminhvinh56@gmail.com,Đặng Minh Vinh
ngothikim90@gmail.com,Ngô Thị Kim
trinhvantuan78@gmail.com,Trịnh Văn Tuấn
buithihong11@gmail.com,Bùi Thị Hồng
nguyenhoangnam23@gmail.com,Nguyễn Hoàng Nam
tranvanminh44@gmail.com,Trần Văn Minh
phamthithanh66@gmail.com,Phạm Thị Thanh
leminhson88@gmail.com,Lê Minh Sơn
hoangthidiep12@gmail.com,Hoàng Thị Diệp
vuvankhoi34@gmail.com,Vũ Văn Khôi
dangthithuy56@gmail.com,Đặng Thị Thủy
ngovanbao78@gmail.com,Ngô Văn Bảo
trinhthihuyen90@gmail.com,Trịnh Thị Huyền
buivanphuc11@gmail.com,Bùi Văn Phúc
nguyenquangbao23@gmail.com,Nguyễn Quang Bảo
tranthivan44@gmail.com,Trần Thị Vân
phamminhtuan66@gmail.com,Phạm Minh Tuấn
lethithao88@gmail.com,Lê Thị Thảo
hoangvanlong12@gmail.com,Hoàng Văn Long
vuthanhbinh34@gmail.com,Vũ Thanh Bình
dangvantruong56@gmail.com,Đặng Văn Trường
ngothithu78@gmail.com,Ngô Thị Thu
trinhquanghuy90@gmail.com,Trịnh Quang Huy
buivanloc11@gmail.com,Bùi Văn Lộc
nguyenbaotran23@gmail.com,Nguyễn Bảo Trân
tranthikim44@gmail.com,Trần Thị Kim
phamvanthang66@gmail.com,Phạm Văn Thắng
lethingoc88@gmail.com,Lê Thị Ngọc
hoangminhtam12@gmail.com,Hoàng Minh Tâm
vuthithuyduong34@gmail.com,Vũ Thị Thúy Dương
dangthanhha56@gmail.com,Đặng Thanh Hà
ngovanminh78@gmail.com,Ngô Văn Minh
trinhthithuy90@gmail.com,Trịnh Thị Thủy
buivanhao11@gmail.com,Bùi Văn Hào
nguyenanhthu23@gmail.com,Nguyễn Anh Thư
tranvantruong44@gmail.com,Trần Văn Trường
phamthithanh66@gmail.com,Phạm Thị Thanh
lequynhanh88@gmail.com,Lê Quỳnh Anh
hoangthiphuc12@gmail.com,Hoàng Thị Phúc
vuvankhanh34@gmail.com,Vũ Văn Khánh
dangthidiep56@gmail.com,Đặng Thị Diệp
ngothikimanh78@gmail.com,Ngô Thị Kim Anh
trinhvanlong90@gmail.com,Trịnh Văn Long
buithithuy11@gmail.com,Bùi Thị Thủy
nguyenquangnam23@gmail.com,Nguyễn Quang Nam
tranthithu44@gmail.com,Trần Thị Thu
phamminhvinh66@gmail.com,Phạm Minh Vinh
lethithao88@gmail.com,Lê Thị Thảo
hoangvanphuc12@gmail.com,Hoàng Văn Phúc
vuthanhson34@gmail.com,Vũ Thanh Sơn
dangminhchau56@gmail.com,Đặng Minh Châu
ngothivan78@gmail.com,Ngô Thị Vân
trinhthikim90@gmail.com,Trịnh Thị Kim
buivanminh11@gmail.com,Bùi Văn Minh
nguyenhoangvuong23@gmail.com,Nguyễn Hoàng Vương
tranthidiep44@gmail.com,Trần Thị Diệp
phamquanghuy66@gmail.com,Phạm Quang Huy
lethingocanh88@gmail.com,Lê Thị Ngọc Anh
hoangminhtri12@gmail.com,Hoàng Minh Trí
vuthithuytrang34@gmail.com,Vũ Thị Thúy Trang
dangvanlam56@gmail.com,Đặng Văn Lâm
ngothithuy78@gmail.com,Ngô Thị Thủy
trinhvantuan90@gmail.com,Trịnh Văn Tuấn
buithihong11@gmail.com,Bùi Thị Hồng
nguyenquangvinh23@gmail.com,Nguyễn Quang Vinh
tranthiphuc44@gmail.com,Trần Thị Phúc
phamminhson66@gmail.com,Phạm Minh Sơn
lethithanh88@gmail.com,Lê Thị Thanh
hoangvandat12@gmail.com,Hoàng Văn Đạt
vuthanhhuong34@gmail.com,Vũ Thanh Hương
dangthithao56@gmail.com,Đặng Thị Thảo
ngovantruong78@gmail.com,Ngô Văn Trường
trinhthihuyen90@gmail.com,Trịnh Thị Huyền
buivanphuc11@gmail.com,Bùi Văn Phúc
nguyenbaolong23@gmail.com,Nguyễn Bảo Long
tranthikim44@gmail.com,Trần Thị Kim
phamvanbao66@gmail.com,Phạm Văn Bảo
lequynhnhu88@gmail.com,Lê Quỳnh Như
hoangthivan12@gmail.com,Hoàng Thị Vân
vuvankhoi34@gmail.com,Vũ Văn Khôi
dangthithuy56@gmail.com,Đặng Thị Thủy
ngothithu78@gmail.com,Ngô Thị Thu
trinhvanlong90@gmail.com,Trịnh Văn Long
buithidiep11@gmail.com,Bùi Thị Diệp
nguyenanhkhoa23@gmail.com,Nguyễn Anh Khoa
tranvanthanh44@gmail.com,Trần Văn Thanh
phamthithanh66@gmail.com,Phạm Thị Thanh
leminhson88@gmail.com,Lê Minh Sơn
hoangthiphuc12@gmail.com,Hoàng Thị Phúc
vuthanhbinh34@gmail.com,Vũ Thanh Bình
dangvantruong56@gmail.com,Đặng Văn Trường
ngothikimanh78@gmail.com,Ngô Thị Kim Anh
trinhthithuy90@gmail.com,Trịnh Thị Thủy
buivanhao11@gmail.com,Bùi Văn Hào
nguyenquangbao23@gmail.com,Nguyễn Quang Bảo
tranthivan44@gmail.com,Trần Thị Vân
phamminhtuan66@gmail.com,Phạm Minh Tuấn
lethithao88@gmail.com,Lê Thị Thảo
hoangvanlong12@gmail.com,Hoàng Văn Long
vuthithuyduong34@gmail.com,Vũ Thị Thúy Dương
dangthanhha56@gmail.com,Đặng Thanh Hà
ngovanminh78@gmail.com,Ngô Văn Minh
trinhthikim90@gmail.com,Trịnh Thị Kim
buivanphuc11@gmail.com,Bùi Văn Phúc
nguyenhoangnam23@gmail.com,Nguyễn Hoàng Nam
tranthithu44@gmail.com,Trần Thị Thu
phamquocviet66@gmail.com,Phạm Quốc Việt
lethingocanh88@gmail.com,Lê Thị Ngọc Anh
hoangminhtam12@gmail.com,Hoàng Minh Tâm
vuthanhson34@gmail.com,Vũ Thanh Sơn
dangminhchau56@gmail.com,Đặng Minh Châu
ngothivan78@gmail.com,Ngô Thị Vân
trinhvantuan90@gmail.com,Trịnh Văn Tuấn
buithihong11@gmail.com,Bùi Thị Hồng
nguyenquangvinh23@gmail.com,Nguyễn Quang Vinh
tranthiphuc44@gmail.com,Trần Thị Phúc
phamminhson66@gmail.com,Phạm Minh Sơn
lethithanh88@gmail.com,Lê Thị Thanh
hoangvandat12@gmail.com,Hoàng Văn Đạt
vuthithuytrang34@gmail.com,Vũ Thị Thúy Trang
dangvanlam56@gmail.com,Đặng Văn Lâm
ngothithuy78@gmail.com,Ngô Thị Thủy
trinhvanlong90@gmail.com,Trịnh Văn Long
buithidiep11@gmail.com,Bùi Thị Diệp
nguyenanhkhoa23@gmail.com,Nguyễn Anh Khoa
tranvanthanh44@gmail.com,Trần Văn Thanh
phamthithanh66@gmail.com,Phạm Thị Thanh
lequynhnhu88@gmail.com,Lê Quỳnh Như
hoangthivan12@gmail.com,Hoàng Thị Vân
vuvankhoi34@gmail.com,Vũ Văn Khôi
dangthithao56@gmail.com,Đặng Thị Thảo
ngothikimanh78@gmail.com,Ngô Thị Kim Anh
trinhthihuyen90@gmail.com,Trịnh Thị Huyền
buivanhao11@gmail.com,Bùi Văn Hào
nguyenquangbao23@gmail.com,Nguyễn Quang Bảo
tranthithu44@gmail.com,Trần Thị Thu
phamminhtuan66@gmail.com,Phạm Minh Tuấn
lethithao88@gmail.com,Lê Thị Thảo
hoangvanlong12@gmail.com,Hoàng Văn Long
vuthanhbinh34@gmail.com,Vũ Thanh Bình
dangvantruong56@gmail.com,Đặng Văn Trường
ngothivan78@gmail.com,Ngô Thị Vân
trinhthikim90@gmail.com,Trịnh Thị Kim
buivanphuc11@gmail.com,Bùi Văn Phúc
nguyenhoangnam23@gmail.com,Nguyễn Hoàng Nam
tranthivan44@gmail.com,Trần Thị Vân
phamquocviet66@gmail.com,Phạm Quốc Việt
lethingocanh88@gmail.com,Lê Thị Ngọc Anh
hoangminhtam12@gmail.com,Hoàng Minh Tâm
vuthithuyduong34@gmail.com,Vũ Thị Thúy Dương
dangthanhha56@gmail.com,Đặng Thanh Hà
ngovanminh78@gmail.com,Ngô Văn Minh
trinhthithuy90@gmail.com,Trịnh Thị Thủy
buithihong11@gmail.com,Bùi Thị Hồng
nguyenquangvinh23@gmail.com,Nguyễn Quang Vinh
tranthiphuc44@gmail.com,Trần Thị Phúc
phamminhson66@gmail.com,Phạm Minh Sơn
lethithanh88@gmail.com,Lê Thị Thanh
hoangvandat12@gmail.com,Hoàng Văn Đạt
vuthanhson34@gmail.com,Vũ Thanh Sơn
dangminhchau56@gmail.com,Đặng Minh Châu
ngothithuy78@gmail.com,Ngô Thị Thủy
trinhvanlong90@gmail.com,Trịnh Văn Long
buithidiep11@gmail.com,Bùi Thị Diệp
nguyenanhkhoa23@gmail.com,Nguyễn Anh Khoa
tranvanthanh44@gmail.com,Trần Văn Thanh
phamthithanh66@gmail.com,Phạm Thị Thanh
lequynhnhu88@gmail.com,Lê Quỳnh Như
hoangthivan12@gmail.com,Hoàng Thị Vân
vuvankhoi34@gmail.com,Vũ Văn Khôi
dangthithao56@gmail.com,Đặng Thị Thảo
ngothikimanh78@gmail.com,Ngô Thị Kim Anh
trinhthihuyen90@gmail.com,Trịnh Thị Huyền
buivanhao11@gmail.com,Bùi Văn Hào
nguyenquangbao23@gmail.com,Nguyễn Quang Bảo
tranthithu44@gmail.com,Trần Thị Thu
phamminhtuan66@gmail.com,Phạm Minh Tuấn
lethithao88@gmail.com,Lê Thị Thảo
hoangvanlong12@gmail.com,Hoàng Văn Long
vuthanhbinh34@gmail.com,Vũ Thanh Bình
dangvantruong56@gmail.com,Đặng Văn Trường
ngothivan78@gmail.com,Ngô Thị Vân
trinhthikim90@gmail.com,Trịnh Thị Kim
buivanphuc11@gmail.com,Bùi Văn Phúc
nguyenhoangnam23@gmail.com,Nguyễn Hoàng Nam
tranthivan44@gmail.com,Trần Thị Vân
phamquocviet66@gmail.com,Phạm Quốc Việt
lethingocanh88@gmail.com,Lê Thị Ngọc Anh
hoangminhtam12@gmail.com,Hoàng Minh Tâm
vuthithuyduong34@gmail.com,Vũ Thị Thúy Dương
dangthanhha56@gmail.com,Đặng Thanh Hà
ngovanminh78@gmail.com,Ngô Văn Minh
trinhthithuy90@gmail.com,Trịnh Thị Thủy
buithihong11@gmail.com,Bùi Thị Hồng
nguyenquangvinh23@gmail.com,Nguyễn Quang Vinh
tranthiphuc44@gmail.com,Trần Thị Phúc
phamminhson66@gmail.com,Phạm Minh Sơn
lethithanh88@gmail.com,Lê Thị Thanh
hoangvandat12@gmail.com,Hoàng Văn Đạt
vuthanhson34@gmail.com,Vũ Thanh Sơn
dangminhchau56@gmail.com,Đặng Minh Châu
ngothithuy78@gmail.com,Ngô Thị Thủy
trinhvanlong90@gmail.com,Trịnh Văn Long
buithidiep11@gmail.com,Bùi Thị Diệp
nguyenanhkhoa23@gmail.com,Nguyễn Anh Khoa
tranvanthanh44@gmail.com,Trần Văn Thanh
phamthithanh66@gmail.com,Phạm Thị Thanh
lequynhnhu88@gmail.com,Lê Quỳnh Như
hoangthivan12@gmail.com,Hoàng Thị Vân
vuvankhoi34@gmail.com,Vũ Văn Khôi
dangthithao56@gmail.com,Đặng Thị Thảo
ngothikimanh78@gmail.com,Ngô Thị Kim Anh
trinhthihuyen90@gmail.com,Trịnh Thị Huyền
buivanhao11@gmail.com,Bùi Văn Hào
nguyenquangbao23@gmail.com,Nguyễn Quang Bảo
tranthithu44@gmail.com,Trần Thị Thu
phamminhtuan66@gmail.com,Phạm Minh Tuấn
lethithao88@gmail.com,Lê Thị Thảo
hoangvanlong12@gmail.com,Hoàng Văn Long
vuthanhbinh34@gmail.com,Vũ Thanh Bình
dangvantruong56@gmail.com,Đặng Văn Trường
ngothivan78@gmail.com,Ngô Thị Vân
trinhthikim90@gmail.com,Trịnh Thị Kim
buivanphuc11@gmail.com,Bùi Văn Phúc
nguyenhoangnam23@gmail.com,Nguyễn Hoàng Nam
tranthivan44@gmail.com,Trần Thị Vân
phamquocviet66@gmail.com,Phạm Quốc Việt
lethingocanh88@gmail.com,Lê Thị Ngọc Anh
hoangminhtam12@gmail.com,Hoàng Minh Tâm
vuthithuyduong34@gmail.com,Vũ Thị Thúy Dương
dangthanhha56@gmail.com,Đặng Thanh Hà
ngovanminh78@gmail.com,Ngô Văn Minh
trinhthithuy90@gmail.com,Trịnh Thị Thủy
buithihong11@gmail.com,Bùi Thị Hồng
nguyenquangvinh23@gmail.com,Nguyễn Quang Vinh
tranthiphuc44@gmail.com,Trần Thị Phúc
phamminhson66@gmail.com,Phạm Minh Sơn
lethithanh88@gmail.com,Lê Thị Thanh
hoangvandat12@gmail.com,Hoàng Văn Đạt
vuthanhson34@gmail.com,Vũ Thanh Sơn
dangminhchau56@gmail.com,Đặng Minh Châu
ngothithuy78@gmail.com,Ngô Thị Thủy
trinhvanlong90@gmail.com,Trịnh Văn Long
buithidiep11@gmail.com,Bùi Thị Diệp
nguyenanhkhoa23@gmail.com,Nguyễn Anh Khoa
tranvanthanh44@gmail.com,Trần Văn Thanh
phamthithanh66@gmail.com,Phạm Thị Thanh
lequynhnhu88@gmail.com,Lê Quỳnh Như
hoangthivan12@gmail.com,Hoàng Thị Vân
vuvankhoi34@gmail.com,Vũ Văn Khôi
dangthithao56@gmail.com,Đặng Thị Thảo
ngothikimanh78@gmail.com,Ngô Thị Kim Anh
trinhthihuyen90@gmail.com,Trịnh Thị Huyền
buivanhao11@gmail.com,Bùi Văn Hào
nguyenquangbao23@gmail.com,Nguyễn Quang Bảo
tranthithu44@gmail.com,Trần Thị Thu
phamminhtuan66@gmail.com,Phạm Minh Tuấn
lethithao88@gmail.com,Lê Thị Thảo
hoangvanlong12@gmail.com,Hoàng Văn Long
vuthanhbinh34@gmail.com,Vũ Thanh Bình
dangvantruong56@gmail.com,Đặng Văn Trường
ngothivan78@gmail.com,Ngô Thị Vân
trinhthikim90@gmail.com,Trịnh Thị Kim
buivanphuc11@gmail.com,Bùi Văn Phúc
nguyenhoangnam23@gmail.com,Nguyễn Hoàng Nam
tranthivan44@gmail.com,Trần Thị Vân
phamquocviet66@gmail.com,Phạm Quốc Việt
lethingocanh88@gmail.com,Lê Thị Ngọc Anh
hoangminhtam12@gmail.com,Hoàng Minh Tâm
vuthithuyduong34@gmail.com,Vũ Thị Thúy Dương
dangthanhha56@gmail.com,Đặng Thanh Hà
ngovanminh78@gmail.com,Ngô Văn Minh
trinhthithuy90@gmail.com,Trịnh Thị Thủy
buithihong11@gmail.com,Bùi Thị Hồng
nguyenquangvinh23@gmail.com,Nguyễn Quang Vinh
tranthiphuc44@gmail.com,Trần Thị Phúc
phamminhson66@gmail.com,Phạm Minh Sơn
lethithanh88@gmail.com,Lê Thị Thanh
hoangvandat12@gmail.com,Hoàng Văn Đạt
vuthanhson34@gmail.com,Vũ Thanh Sơn
dangminhchau56@gmail.com,Đặng Minh Châu
ngothithuy78@gmail.com,Ngô Thị Thủy
trinhvanlong90@gmail.com,Trịnh Văn Long
buithidiep11@gmail.com,Bùi Thị Diệp
nguyenanhkhoa23@gmail.com,Nguyễn Anh Khoa
tranvanthanh44@gmail.com,Trần Văn Thanh
phamthithanh66@gmail.com,Phạm Thị Thanh
lequynhnhu88@gmail.com,Lê Quỳnh Như
hoangthivan12@gmail.com,Hoàng Thị Vân
vuvankhoi34@gmail.com,Vũ Văn Khôi
dangthithao56@gmail.com,Đặng Thị Thảo
ngothikimanh78@gmail.com,Ngô Thị Kim Anh
trinhthihuyen90@gmail.com,Trịnh Thị Huyền
buivanhao11@gmail.com,Bùi Văn Hào
